id;name;surname;date
1;Bedfordshire copy Auto;Rand granulari;compressing Piazza Bedfordshire
2;Rotonda;Account guida Refined;Chair Bedfordshire
3;Incredible Enna;Oristano Adattatore Marino;configurabile distributivi Movies
4;port generate Refined;up webservices Tuvalu;Agrigento invoice Soft
5;array Via;Pound Sports program;reti driver Chief
6;Concrete Rotonda;system Forl√¨-Cesena;deposit Bedfordshire Rustic
7;Installazione webservices Piazza;ibrida open-source Account;Sovrastruttura
8;Cosenza riallineata PNG;Supervisor cross-platform;Platinum RAM
9;reciproca Lebanese coesiva;input reti;ottimali generate
10;universale Grocery;stand-alone;Steel Buckinghamshire
